floor,used,base,d,path,rooms,ok,boss
1,131.7414,180,2,104.66,3,1,0
2,157.3144,180,2,79.52,3,1,0
2,102.487,180,2,75.544,3,1,0
3,140.4852,180,2,85.443,4,1,0
4,141.963,180,3,48.90599,4,1,0
4,93.48136,180,3,46.332,4,1,0
5,182.1685,210,3,5.517,6,1,80.62599
6,153.8437,180,4,15.669,5,1,0
7,178.0607,180,4,19.611,6,1,0
7,56.83893,180,4,18.5215,6,1,0
8,106.0502,180,4,13.5065,6,1,0
9,75.48965,180,3,8.253501,7,1,0
10,226.0325,210,4,13.5065,8,1,92.5274
10,121.1139,210,4,13.5065,8,1,41.6161
11,321.4466,180,4,5.2615,8,1,0
12,101.6319,180,3,13.3365,8,1,0
13,68.03669,180,4,17.595,9,1,0
13,103.5375,180,4,17.595,9,1,0
14,118.4583,180,4,16.218,9,1,0
15,282.6931,210,4,4.5815,10,1,73.13193
16,149.8809,180,2,129.812,9,1,0
16,77.03058,180,2,129.812,9,1,0
17,162.6001,180,4,8.262,9,1,0
18,98.38235,180,4,20.1025,9,1,0
19,126.5947,180,4,23.9785,9,1,0
20,139.6533,210,4,27.591,10,1,43.61872
20,136.12,210,4,27.591,10,1,64.06329
21,122.6628,180,4,31.62,9,1,0
22,103.9049,180,4,74.16251,9,1,0
23,136.6517,180,4,31.4075,9,1,0
24,160.3944,180,4,52.734,9,1,0
25,195.8175,210,4,29.2655,10,1,89.64192
1,118.3883,180,2,104.66,3,1,0
2,143.8752,180,2,79.52,3,1,0
2,102.062,180,2,75.54399,3,1,0
3,107.7925,180,2,85.44299,4,1,0
4,173.8279,180,3,48.906,4,1,0
4,93.0639,180,3,46.332,4,1,0
5,177.3803,210,3,5.517,6,1,76.30571
6,113.5881,180,4,15.669,5,1,0
7,141.7755,180,4,19.611,6,1,0
7,85.1734,180,4,18.5215,6,1,0
8,111.1259,180,4,13.5065,6,1,0
9,77.46484,180,3,8.2535,7,1,0
10,254.5722,210,4,13.5065,8,1,80.20882
10,147.1243,210,4,13.5065,8,1,42.35641
11,136.4175,180,4,5.2615,8,1,0
12,372.6918,180,3,13.3365,8,1,0
13,86.52581,180,4,17.595,9,1,0
13,80.97523,180,4,17.595,9,1,0
14,98.42974,180,4,16.218,9,1,0
15,174.1011,210,4,4.5815,10,1,87.1279
16,134.3174,180,2,129.812,9,1,0
16,67.08449,180,2,129.812,9,1,0
17,138.8813,180,4,8.262,9,1,0
18,166.0957,180,4,20.1025,9,1,0
19,126.5769,180,4,23.9785,9,1,0
20,173.8409,210,4,27.591,10,1,57.31756
20,165.0647,210,4,27.591,10,1,67.83271
21,93.5864,180,4,31.62,9,1,0
22,152.532,180,4,74.16251,9,1,0
23,101.1391,180,4,31.4075,9,1,0
24,116.959,180,4,52.734,9,1,0
25,175.46,210,4,29.2655,10,1,101.57
1,108.9399,180,2,104.66,3,1,0
2,189.4989,180,2,79.52,3,1,0
2,124.944,180,2,75.54399,3,1,0
3,160.8637,180,2,85.443,4,1,0
4,123.6662,180,3,48.906,4,1,0
4,69.37936,180,3,46.332,4,1,0
6,118.8858,180,4,15.669,5,1,0
7,129.587,180,4,19.611,6,1,0
7,97.24165,180,4,18.5215,6,1,0
8,118.5481,180,4,13.5065,6,1,0
9,146.7026,180,3,8.2535,7,1,0
13,75.39194,180,4,17.595,9,1,0
13,72.92203,180,4,17.595,9,1,0
14,89.98104,180,4,16.218,9,1,0
16,149.5411,180,2,129.812,9,1,0
16,120.9688,180,2,129.812,9,1,0
19,153.9871,180,4,23.9785,9,1,0
22,119.3813,180,4,74.16251,9,1,0
23,133.2126,180,4,31.4075,9,1,0
24,133.0698,180,4,52.734,9,1,0
1,118.6007,180,2,104.66,3,1,0
2,129.1915,180,2,79.52,3,1,0
2,109.0049,180,2,75.544,3,1,0
3,118.1509,180,2,85.443,4,1,0
4,156.0766,180,3,48.906,4,1,0
4,99.54659,180,3,46.332,4,1,0
6,98.12414,180,4,15.669,5,1,0
7,142.1699,180,4,19.611,6,1,0
7,105.5802,180,4,18.5215,6,1,0
8,186.1315,180,4,13.5065,6,1,0
9,154.4292,180,3,8.2535,7,1,0
13,182.5956,180,4,17.595,9,1,0
13,149.5987,180,4,17.595,9,1,0
14,150.2639,180,4,16.218,9,1,0
16,135.6226,180,2,129.812,9,1,0
16,92.98282,180,2,129.812,9,1,0
19,113.2909,180,4,23.9785,9,1,0
22,156.9774,180,4,74.1625,9,1,0
23,118.3256,180,4,31.4075,9,1,0
24,105.9574,180,4,52.734,9,1,0
1,145.3261,180,2,104.66,3,1,0
2,134.8621,180,2,79.52,3,1,0
2,97.54665,180,2,75.54399,3,1,0
3,122.8611,180,2,85.44299,4,1,0
4,154.9516,180,3,48.906,4,1,0
4,97.45659,180,3,46.332,4,1,0
6,138.5029,180,4,15.669,5,1,0
7,154.3614,180,4,19.611,6,1,0
7,141.3553,180,4,18.5215,6,1,0
8,138.6529,180,4,13.5065,6,1,0
19,114.8483,180,4,23.9785,9,1,0
22,128.2723,180,4,74.1625,9,1,0
24,107.4421,180,4,52.734,9,1,0
1,118.1681,180,2,104.66,3,1,0
2,143.5699,180,2,79.52,3,1,0
2,106.0497,180,2,75.544,3,1,0
3,117.9832,180,2,85.443,4,1,0
4,160.1418,180,3,48.906,4,1,0
4,85.10834,180,3,46.332,4,1,0
6,146.5454,180,4,15.669,5,1,0
7,105.3349,180,4,19.611,6,1,0
7,97.39433,180,4,18.5215,6,1,0
8,150.1833,180,4,13.5065,6,1,0
19,110.421,180,4,23.9785,9,1,0
22,142.2211,180,4,74.16251,9,1,0
24,131.5297,180,4,52.734,9,1,0
