floor,used,base,d,path,rooms,ok,boss,cheese,research
1,136.233,180,2,85.44,3,1,0,2157.855,10
2,118.2056,180,2,79.53,3,1,0,4102.399,11
2,71.78966,180,2,75.5535,3,1,0,10304.45,11
3,131.2002,180,3,77.13999,4,1,0,27476.9,18
4,122.4888,180,3,48.9155,4,1,0,43114.29,25
4,36.78717,180,2,46.341,4,1,0,29818.38,23
5,140.8103,210,4,16.434,6,1,56.00437,138691.5,94
6,117.8407,180,4,15.678,5,1,0,111573.7,50
7,89.68127,180,4,13.968,6,1,0,175193.3,67
7,25.0574,180,3,13.192,6,1,0,222685.7,61
8,109.9876,180,4,15.572,6,1,0,710651.5,94
9,57.74405,180,4,13.498,7,1,0,1040945,123
10,134.3651,210,3,9.0015,8,1,113.2969,2048708,521
10,67.95674,210,3,9.001501,8,1,43.76167,1740285,514
11,93.54866,180,4,10.387,8,1,0,4753448,258
12,32.35746,180,4,15.572,8,1,0,6215696,365
13,24.32501,180,4,10.387,9,1,0,1.05313E+07,535
13,25.26997,180,4,10.387,9,1,0,1.405683E+07,529
14,29.14745,180,4,16.2265,9,1,0,2.980725E+07,767
15,91.25205,210,4,14.059,10,1,61.11917,7.231828E+07,3283
16,36.79976,180,4,16.2265,9,1,0,6.727094E+07,1587
16,18.56739,180,4,16.2265,9,1,0,7.884613E+07,1587
17,31.86023,180,3,20.1195,9,1,0,2.253911E+08,2304
18,27.25744,180,3,23.9785,9,1,0,2.789879E+08,3327
19,33.61995,180,4,23.9785,9,1,0,6.067933E+08,4825
20,100.9529,210,4,27.404,10,1,58.07265,1.182919E+09,20972
20,213.2114,210,4,27.404,10,1,154.1802,1.891533E+09,20976
21,33.26486,180,3,31.62,9,1,0,1.069631E+09,10138
22,42.05719,180,4,31.841,9,1,0,2.740817E+09,14693
23,36.21239,180,4,43.8345,9,1,0,3.717458E+09,21308
24,30.3999,180,3,43.8345,9,1,0,2.941516E+09,30886
25,54.39439,210,4,37.9865,10,1,18.82959,6.254534E+09,134318
